ark_type,ark_id,ark_label,common_name,cleaned_alignment,ncbi_reconciliation,ncbi_urls,ncbi_id,eol_uri,notes
botanytype,166,Avena sativa,Oat,Avena sativa,Avena sativa,https://www.ncbi.nlm.nih.gov/Taxonomy/Browser/wwwtax.cgi?id=4498,4498,https://eol.org/pages/1114783,
botanytype,167,Cereal Grain Fragments,Cereal grain fragments,Pooideae,Pooideae,https://www.ncbi.nlm.nih.gov/Taxonomy/Browser/wwwtax.cgi?id=147368,147368,https://eol.org/pages/49307128,
botanytype,168,Culm remains,Cereal culm remains,Pooideae,Pooideae,https://www.ncbi.nlm.nih.gov/Taxonomy/Browser/wwwtax.cgi?id=147368,147368,https://eol.org/pages/49307128,
botanytype,169,Avena sp.,Oat family,Avena,Avena,https://www.ncbi.nlm.nih.gov/Taxonomy/Browser/wwwtax.cgi?id=4496,4496,https://eol.org/pages/108054,
botanytype,170,Hordeum vulgare,Barley,Hordeum vulgare,Hordeum vulgare,https://www.ncbi.nlm.nih.gov/Taxonomy/Browser/wwwtax.cgi?id=4513,4513,https://eol.org/pages/1114455,
botanytype,171,Hordeum vulgare var.coeleste,Barley,Hordeum vulgare,Hordeum vulgare,https://www.ncbi.nlm.nih.gov/Taxonomy/Browser/wwwtax.cgi?id=4513,4513,https://eol.org/pages/1114455,
botanytype,172,Panicum miliaceum,Millet,Panicum miliaceum,Panicum miliaceum,https://www.ncbi.nlm.nih.gov/Taxonomy/Browser/wwwtax.cgi?id=4540,4540,https://eol.org/pages/1114498,
botanytype,173,Secale cereale,Rye,Secale cereale,Secale cereale,https://www.ncbi.nlm.nih.gov/Taxonomy/Browser/wwwtax.cgi?id=4550,4550,https://eol.org/pages/1115159,
botanytype,174,Setaria italicum,Foxtail millet,Setaria italica,Setaria italica,https://www.ncbi.nlm.nih.gov/Taxonomy/Browser/wwwtax.cgi?id=4555,4555,https://eol.org/pages/1114673,
botanytype,175,Triticum aestivum s.l.,Bread wheat,Triticum aestivum,Triticum aestivum,https://www.ncbi.nlm.nih.gov/Taxonomy/Browser/wwwtax.cgi?id=4565,4565,https://eol.org/pages/1115240,
botanytype,176,Triticum dicoccon,Emmer,Triticum dicoccon,Triticum dicoccon,https://www.ncbi.nlm.nih.gov/Taxonomy/Browser/wwwtax.cgi?id=49225,49225,https://eol.org/pages/1114086,Not linked from NCBI
botanytype,177,Triticum monococcum,Einkorn,Triticum monococcum,Triticum monococcum,https://www.ncbi.nlm.nih.gov/Taxonomy/Browser/wwwtax.cgi?id=4568,4568,https://eol.org/pages/1115242,
botanytype,178,Triticum spelta,Spelt,Triticum spelta,Triticum spelta,https://www.ncbi.nlm.nih.gov/Taxonomy/Browser/wwwtax.cgi?id=58933,58933,https://eol.org/pages/1115243,
botanytype,179,Tr aestsl rachis internodes,Bread wheat rachis internodes,Triticum aestivum,Triticum aestivum,https://www.ncbi.nlm.nih.gov/Taxonomy/Browser/wwwtax.cgi?id=4565,4565,https://eol.org/pages/1115240,
botanytype,180,Trmon or dic glume bases,Emmer or einkorn glume bases,Triticum,Triticum,https://www.ncbi.nlm.nih.gov/Taxonomy/Browser/wwwtax.cgi?id=4564,4564,https://eol.org/pages/108051,
botanytype,181,Trmon or dic rachis internodes,Emmer or einkorn rachis internodes,Triticum,Triticum,https://www.ncbi.nlm.nih.gov/Taxonomy/Browser/wwwtax.cgi?id=4564,4564,https://eol.org/pages/108051,
botanytype,182,Trmon or dic spikelet forks,Emmer or einkorn spikelet forks,Triticum,Triticum,https://www.ncbi.nlm.nih.gov/Taxonomy/Browser/wwwtax.cgi?id=4564,4564,https://eol.org/pages/108051,
botanytype,183,Triticum mon spikelet forks,Einkorn spikelet forks,Triticum monococcum,Triticum monococcum,https://www.ncbi.nlm.nih.gov/Taxonomy/Browser/wwwtax.cgi?id=4568,4568,https://eol.org/pages/1115242,
botanytype,184,Triticum spelta spikelet forks,Spelt spikelet forks,Triticum spelta,Triticum spelta,https://www.ncbi.nlm.nih.gov/Taxonomy/Browser/wwwtax.cgi?id=58933,58933,https://eol.org/pages/1115243,
botanytype,185,Lens culinaris,Lentil,Lens culinaris,Lens culinaris,https://www.ncbi.nlm.nih.gov/Taxonomy/Browser/wwwtax.cgi?id=3864,3864,https://eol.org/pages/647510,
botanytype,186,Pisum sativum,Garden pea,Pisum sativum,Pisum sativum,https://www.ncbi.nlm.nih.gov/Taxonomy/Browser/wwwtax.cgi?id=3888,3888,https://eol.org/pages/703192,
botanytype,187,Vicia ervilia,Blister vetch,Vicia ervilia,Vicia ervilia,https://www.ncbi.nlm.nih.gov/Taxonomy/Browser/wwwtax.cgi?id=154498,154498,https://eol.org/pages/703201,
botanytype,188,Vicia sativa,Common vetch,Vicia sativa,Vicia sativa,https://www.ncbi.nlm.nih.gov/Taxonomy/Browser/wwwtax.cgi?id=3908,3908,https://eol.org/pages/703227,
botanytype,189,Vicia faba var minor,Broad bean,Vicia faba var minor,Vicia faba var minor,https://www.ncbi.nlm.nih.gov/Taxonomy/Browser/wwwtax.cgi?id=3907,3907,https://eol.org/pages/50502932,
botanytype,190,Vicia sp,Pea family,Vicia,Vicia,https://www.ncbi.nlm.nih.gov/Taxonomy/Browser/wwwtax.cgi?id=3904,3904,https://eol.org/pages/13463,
botanytype,191,Vitis vinifera,Grape,Vitis vinifera,Vitis vinifera,https://www.ncbi.nlm.nih.gov/Taxonomy/Browser/wwwtax.cgi?id=29760,29760,https://eol.org/pages/582304,
botanytype,192,Agrostemma githago,Corncockle,Agrostemma githago,Agrostemma githago,https://www.ncbi.nlm.nih.gov/Taxonomy/Browser/wwwtax.cgi?id=39848,39848,https://eol.org/pages/587250,
botanytype,193,Bromus arvensis,Field brome,Bromus arvensis,Bromus arvensis,https://www.ncbi.nlm.nih.gov/Taxonomy/Browser/wwwtax.cgi?id=55764,55764,https://eol.org/pages/1114226,
botanytype,194,Bromus sterilis,Barren brome,Bromus sterilis,Bromus sterilis,https://www.ncbi.nlm.nih.gov/Taxonomy/Browser/wwwtax.cgi?id=55777,55777,https://eol.org/pages/1114247,
botanytype,195,Centaurea sp,Knapweed,Centaurea,Centaurea,https://www.ncbi.nlm.nih.gov/Taxonomy/Browser/wwwtax.cgi?id=41503,41503,https://eol.org/pages/39897355,Incorrectly linked from NCBI
botanytype,196,Convovulus arvensis,Field bindweed,Convolvulus arvensis,Convolvulus arvensis,https://www.ncbi.nlm.nih.gov/Taxonomy/Browser/wwwtax.cgi?id=4123,4123,https://eol.org/pages/582958,
botanytype,197,Persica vulgaris,Peach,Persica vulgaris,Persica vulgaris,https://www.ncbi.nlm.nih.gov/Taxonomy/Browser/wwwtax.cgi?id=3760,3760,https://eol.org/pages/631649,Listed in EOL as Prunus persica
botanytype,198,Prunus cerasus,Sour cherry,Prunus cerasus,Prunus cerasus,https://www.ncbi.nlm.nih.gov/Taxonomy/Browser/wwwtax.cgi?id=140311,140311,https://eol.org/pages/242597,
botanytype,199,Prunus persica,Peach,Prunus persica,Prunus persica,https://www.ncbi.nlm.nih.gov/Taxonomy/Browser/wwwtax.cgi?id=3760,3760,https://eol.org/pages/631649,not distinguished from Persica vulgaris in EOL
botanytype,200,Prunus sp.,Plum family,Prunus,Prunus,https://www.ncbi.nlm.nih.gov/Taxonomy/Browser/wwwtax.cgi?id=3754,3754,https://eol.org/pages/39934521,
botanytype,201,Corylus avellana shells,Hazelnut,Corylus avellana,Corylus avellana,https://www.ncbi.nlm.nih.gov/Taxonomy/Browser/wwwtax.cgi?id=13451,13451,https://eol.org/pages/1147599,
botanytype,202,Morus nigra,Black mulberry,Morus nigra,Morus nigra,https://www.ncbi.nlm.nih.gov/Taxonomy/Browser/wwwtax.cgi?id=85232,85232,https://eol.org/pages/596202,
botanytype,203,Juglans regia shells,Walnut,Juglans regia,Juglans regia,https://www.ncbi.nlm.nih.gov/Taxonomy/Browser/wwwtax.cgi?id=51240,51240,https://eol.org/pages/487229,
botanytype,204,Cicer arieinum,Chickpea,Cicer arietinum,Cicer arietinum,https://www.ncbi.nlm.nih.gov/Taxonomy/Browser/wwwtax.cgi?id=3827,3827,https://eol.org/pages/685208,
botanytype,205,Unidentified Leguminosae,Unidentified legume,Leguminosae,Leguminosae,https://www.ncbi.nlm.nih.gov/Taxonomy/Browser/wwwtax.cgi?id=3803,3803,https://eol.org/pages/4277,
botanytype,206,Unidentified,Unidentified plant,Archaeplastida,,,,https://eol.org/pages/42430800,unidentified plant remains; kingdom not present in NCBI; same as kingdom Plantae in EOL
botanytype,207,Urtica sp,Nettle family,Urtica,Urtica,https://www.ncbi.nlm.nih.gov/Taxonomy/Browser/wwwtax.cgi?id=3500,3500,https://eol.org/pages/38080,
botanytype,208,Olea europaea,European olive,Olea europaea,Olea europaea,https://www.ncbi.nlm.nih.gov/Taxonomy/Browser/wwwtax.cgi?id=4146,4146,https://eol.org/pages/579181,
botanytype,209,Rubus  idaeus,Raspberry,Rubus idaeus,Rubus idaeus,https://www.ncbi.nlm.nih.gov/Taxonomy/Browser/wwwtax.cgi?id=32247,32247,https://eol.org/pages/625333,
botanytype,210,Ficus carica,Fig,Ficus carica,Ficus carica,https://www.ncbi.nlm.nih.gov/Taxonomy/Browser/wwwtax.cgi?id=3494,3494,https://eol.org/pages/594632,
botanytype,211,Sambucus edulus,Dwarf elderberry,Sambucus ebulus,Sambucus ebulus,https://www.ncbi.nlm.nih.gov/Taxonomy/Browser/wwwtax.cgi?id=28503,28503,https://eol.org/pages/488732,
botanytype,212,Sambucusnigra,Elderberry,Sambucus nigra,Sambucus nigra,https://www.ncbi.nlm.nih.gov/Taxonomy/Browser/wwwtax.cgi?id=4202,4202,https://eol.org/pages/488731,
botanytype,213,Setaria glauca,Bristlegrass,Setaria glauca,Setaria glauca,https://www.ncbi.nlm.nih.gov/Taxonomy/Browser/wwwtax.cgi?id=4543,4543,https://eol.org/pages/108098,EOL listing is Setaria; identified as synonym for Setaria glauca on names page
botanytype,214,Setaria viridis,Green bristlegrass,Setaria viridis,Setaria viridis,https://www.ncbi.nlm.nih.gov/Taxonomy/Browser/wwwtax.cgi?id=4556,4556,https://eol.org/pages/1114660,Incorrectly linked from NCBI
botanytype,215,Setaria viridis verticillata,Bristly foxtail,Setaria verticillata,Setaria verticillata,https://www.ncbi.nlm.nih.gov/Taxonomy/Browser/wwwtax.cgi?id=149379,149379,https://eol.org/pages/1114661,
botanytype,216,Silene sp,Carpetweed family,Silene,Silene,https://www.ncbi.nlm.nih.gov/Taxonomy/Browser/wwwtax.cgi?id=3573,3573,https://eol.org/pages/37656,
botanytype,217,Anhusa sp.,Borage family,Anchusa,Anchusa,https://www.ncbi.nlm.nih.gov/Taxonomy/Browser/wwwtax.cgi?id=89629,89629,https://eol.org/pages/70954,
botanytype,218,Astragalus sp.,Milkvetch family,Astragalus,Astragalus,https://www.ncbi.nlm.nih.gov/Taxonomy/Browser/wwwtax.cgi?id=20400,20400,https://eol.org/pages/47113496,Not linked from NCBI
botanytype,219,Ballota nigra,Black horehound,Ballota nigra,Ballota nigra,https://www.ncbi.nlm.nih.gov/Taxonomy/Browser/wwwtax.cgi?id=194200,194200,https://eol.org/pages/579636,
botanytype,220,Brassica sp.,Mustard family,Brassica sp.,Brassica sp.,https://www.ncbi.nlm.nih.gov/Taxonomy/Browser/wwwtax.cgi?id=3717,3717,https://eol.org/pages/38390,Not linked from NCBI
botanytype,221,Buglossoides arvense,Corn gromwell,Buglossoides arvensis,Buglossoides arvensis,https://www.ncbi.nlm.nih.gov/Taxonomy/Browser/wwwtax.cgi?id=181181,181181,https://eol.org/pages/489676,
botanytype,222,Buglossoides officinale,Common bugloss,Buglossoides,Buglossoides,https://www.ncbi.nlm.nih.gov/Taxonomy/Browser/wwwtax.cgi?id=181180,181180,https://eol.org/pages/62204,No record for Buglossoides officinalis in NCBI or EOL; perhaps same as Anchusa officinalis or common bugloss
botanytype,223,Chenopodium album,Fat hen,Chenopodium album,Chenopodium album,https://www.ncbi.nlm.nih.gov/Taxonomy/Browser/wwwtax.cgi?id=3559,3559,https://eol.org/pages/47128802,NCBI links to Chenopodium acerifolium but EOL has separate entry for album
botanytype,224,Echinochloa  crus galli,Barnyard grass,Echinochloa crus galli,Echinochloa crus-galli,https://www.ncbi.nlm.nih.gov/Taxonomy/Browser/wwwtax.cgi?id=90397,90397,https://eol.org/pages/1115346,
botanytype,225,Euphorbia helioscopia,Madwoman's milk,Euphorbia helioscopia,Euphorbia helioscopia,https://www.ncbi.nlm.nih.gov/Taxonomy/Browser/wwwtax.cgi?id=154990,154990,https://eol.org/pages/1144727,
botanytype,226,Fallopia convolvulus,Black bindweed,Fallopia convolvulus,Fallopia convolvulus,https://www.ncbi.nlm.nih.gov/Taxonomy/Browser/wwwtax.cgi?id=76029,76029,https://eol.org/pages/586686,Dead link in NCBI
botanytype,227,Fumaria officinalis.,Common fumitory,Fumaria officinalis,Fumaria officinalis,https://www.ncbi.nlm.nih.gov/Taxonomy/Browser/wwwtax.cgi?id=200993,200993,https://eol.org/pages/590512,Not linked from NCBI
botanytype,228,Galium aparine,Goose grass,Galium aparine,Galium aparine,https://www.ncbi.nlm.nih.gov/Taxonomy/Browser/wwwtax.cgi?id=29788,29788,https://eol.org/pages/1098038,
botanytype,229,Lolium temulentum,Darnel ryegrass,Lolium temulentum,Lolium temulentum,https://www.ncbi.nlm.nih.gov/Taxonomy/Browser/wwwtax.cgi?id=34176,34176,https://eol.org/pages/1114469,
botanytype,230,Malva  silvestris,High mallow,Malva sylvestris,Malva sylvestris,https://www.ncbi.nlm.nih.gov/Taxonomy/Browser/wwwtax.cgi?id=145754,145754,https://eol.org/pages/584656,
botanytype,231,Malva neglecta,Roundleaf mallow,Malva neglecta,Malva neglecta,https://www.ncbi.nlm.nih.gov/Taxonomy/Browser/wwwtax.cgi?id=183277,183277,https://eol.org/pages/584651,Not linked from NCBI
botanytype,232,Malva pusilla,Low mallow,Malva pusilla,Malva pusilla,https://www.ncbi.nlm.nih.gov/Taxonomy/Browser/wwwtax.cgi?id=96480,96480,https://eol.org/pages/47124241,Not linked from NCBI
botanytype,233,Viola arvensis,Field pansy,Viola arvensis,Viola arvensis,https://www.ncbi.nlm.nih.gov/Taxonomy/Browser/wwwtax.cgi?id=97415,97415,https://eol.org/pages/584594,
botanytype,234,Polygonum convolvulus,Black bindweed,Polygonum convolvulus,Polygonum convolvulus,https://www.ncbi.nlm.nih.gov/Taxonomy/Browser/wwwtax.cgi?id=76029,76029,https://eol.org/pages/586686,NCBI and EOL see as identical to Fallopia convolvulus
botanytype,235,Rumex acetosella,Sheep's sorrel,Rumex acetosella,Rumex acetosella,https://www.ncbi.nlm.nih.gov/Taxonomy/Browser/wwwtax.cgi?id=61450,61450,https://eol.org/pages/585262,Rumex angiocarpus in EOL
botanytype,236,Rumex  crispus,Curled dock,Rumex crispus,Rumex crispus,https://www.ncbi.nlm.nih.gov/Taxonomy/Browser/wwwtax.cgi?id=174649,174649,https://eol.org/pages/585266,
botanytype,237,Trifolium repens,White clover,Trifolium repens,Trifolium repens,https://www.ncbi.nlm.nih.gov/Taxonomy/Browser/wwwtax.cgi?id=3899,3899,https://eol.org/pages/703436,
botanytype,238,Trifolium sp.,Clover family,Trifolium,Trifolium,https://www.ncbi.nlm.nih.gov/Taxonomy/Browser/wwwtax.cgi?id=3898,3898,https://eol.org/pages/47117019,
faunal_species,415,Domestic Cattle,Domestic cow,Bos taurus,Bos taurus,https://www.ncbi.nlm.nih.gov/Taxonomy/Browser/wwwtax.cgi?id=9913,9913,https://eol.org/pages/328699,NCBI links to Bos primigenius
faunal_species,416,Domestic Sheep,Domestic sheep,Ovis aries,Ovis aries,https://www.ncbi.nlm.nih.gov/Taxonomy/Browser/wwwtax.cgi?id=9940,9940,https://eol.org/pages/311906,Not linked from NCBI
faunal_species,417,Domestic Goat,Domestic goat,Capra hircus,Capra hircus,https://www.ncbi.nlm.nih.gov/Taxonomy/Browser/wwwtax.cgi?id=9925,9925,https://eol.org/pages/328660,Dead link in NCBI
faunal_species,418,Domestic Sheep/Goat,Domestic sheep or goat,Caprinae,Caprinae,https://www.ncbi.nlm.nih.gov/Taxonomy/Browser/wwwtax.cgi?id=9963,9963,https://eol.org/pages/52230844,Not linked from NCBI
faunal_species,419,Domestic Pig,Domestic pig,Sus domestica,Sus domestica,https://www.ncbi.nlm.nih.gov/Taxonomy/Browser/wwwtax.cgi?id=9825,9825,https://eol.org/pages/4445644,Dead link in NCBI
faunal_species,420,Horse,Domestic horse,Equus caballus,Equus caballus,https://www.ncbi.nlm.nih.gov/Taxonomy/Browser/wwwtax.cgi?id=9796,9796,https://eol.org/pages/328648,
faunal_species,421,Red Deer,Red deer,Cervus elaphus,Cervus elaphus,https://www.ncbi.nlm.nih.gov/Taxonomy/Browser/wwwtax.cgi?id=9860,9860,https://eol.org/pages/328649,
faunal_species,422,Dog,Domestic dog,Canis lupus familiaris,Canis lupus familiaris,https://www.ncbi.nlm.nih.gov/Taxonomy/Browser/wwwtax.cgi?id=9615,9615,https://eol.org/pages/1228387,Not linked from NCBI; oddly titled Beagle in EOL
faunal_species,423,Aurochs?,Aurochs,Bos primigenius,Bos primigenius,https://www.ncbi.nlm.nih.gov/Taxonomy/Browser/wwwtax.cgi?id=9909,9909,https://eol.org/pages/10408207,uncertain; not linked from NCBI; not main entry in EOL
faunal_species,424,Human,Human,Homo sapiens,Homo sapiens,https://www.ncbi.nlm.nih.gov/Taxonomy/Browser/wwwtax.cgi?id=9606,9606,https://eol.org/pages/327955,
faunal_species,425,Mussels,Mussel,Mytilidae,Mytilidae,https://www.ncbi.nlm.nih.gov/Taxonomy/Browser/wwwtax.cgi?id=6547,6547,https://eol.org/pages/46466613,Dead link in NCBI
faunal_species,426,Oyster,Oyster,Ostreidae,Ostreidae,https://www.ncbi.nlm.nih.gov/Taxonomy/Browser/wwwtax.cgi?id=6563,6563,https://eol.org/pages/46467106,Dead link in NCBI; apparently the same as https://eol.org/pages/46467104
faunal_species,427,Scallop,Scallop,Pectinidae,Pectinidae,https://www.ncbi.nlm.nih.gov/Taxonomy/Browser/wwwtax.cgi?id=6566,6566,https://eol.org/pages/46467677,Dead link in NCBI; apparently the same as https://eol.org/pages/46467675
faunal_species,428,Bird,Unidentified bird,Aves sp.,Aves,,,https://eol.org/pages/695,Not linked from NCBI
faunal_species,429,Fish,Unidentified fish,Pisces sp.,Pisces,,,https://eol.org/pages/46557929,Aligned with Gnathostomata to include both bony and cartilaginous fish
faunal_species,430,Crab,Crab family,Brachyura,Brachyura,https://www.ncbi.nlm.nih.gov/Taxonomy/Browser/wwwtax.cgi?id=6752,6752,https://eol.org/pages/46505748,Not linked from NCBI
faunal_species,431,Unidentifiable,Unidentified mammal,Unidentified animal remains,Mammalia,,,https://eol.org/pages/1642,Assuming these are mammal remains since general fish and general birds listed separately
faunal_species,432,Brown Hare,Brown or common hare,Lepus europaeus,Lepus europaeus,https://www.ncbi.nlm.nih.gov/Taxonomy/Browser/wwwtax.cgi?id=9983,9983,https://eol.org/pages/118009,
faunal_species,433,Wild Boar,Wild boar,Sus scrofa,Sus scrofa,https://www.ncbi.nlm.nih.gov/Taxonomy/Browser/wwwtax.cgi?id=9823,9823,https://eol.org/pages/328663,
faunal_species,434,Dolphin,Dolphin family,Delphinus,Delphinus,https://www.ncbi.nlm.nih.gov/Taxonomy/Browser/wwwtax.cgi?id=9727,9727,https://eol.org/pages/46559239,Dead link in NCBI
faunal_species,435,Sturgeon-type,Sturgeon family,Acipenseridae,Acipenseridae,https://www.ncbi.nlm.nih.gov/Taxonomy/Browser/wwwtax.cgi?id=7900,7900,https://eol.org/pages/8302,
faunal_species,436,Cyprinoid,Carp family,Cyprinidae,Cyprinidae,https://www.ncbi.nlm.nih.gov/Taxonomy/Browser/wwwtax.cgi?id=7953,7953,https://eol.org/pages/3198,
faunal_species,437,Domestic Cat,Domestic cat,Felis catus,Felis catus,https://www.ncbi.nlm.nih.gov/Taxonomy/Browser/wwwtax.cgi?id=9685,9685,https://eol.org/pages/1037781,Not linked from NCBI
faunal_species,438,Fox,Red fox,Vulpes vulpes,Vulpes vulpes,https://www.ncbi.nlm.nih.gov/Taxonomy/Browser/wwwtax.cgi?id=9627,9627,https://eol.org/pages/328609,NCBI identifies as red fox; EOL identifies as black fox
faunal_species,439,Rodents,Rodent family,Rodentia,Rodentia,https://www.ncbi.nlm.nih.gov/Taxonomy/Browser/wwwtax.cgi?id=9989,9989,https://eol.org/pages/8677,
faunal_species,440,badger,European badger,Meles meles,Meles meles,https://www.ncbi.nlm.nih.gov/Taxonomy/Browser/wwwtax.cgi?id=9662,9662,https://eol.org/pages/328046,
faunal_species,441,European Roe Deer,European roe deer,Capreolus capreolus,Capreolus capreolus,https://www.ncbi.nlm.nih.gov/Taxonomy/Browser/wwwtax.cgi?id=9858,9858,https://eol.org/pages/308479,
faunal_species,442,Koulan ?,Kulan,Equus hemionus kulan,Equus hemionus kulan,https://www.ncbi.nlm.nih.gov/Taxonomy/Browser/wwwtax.cgi?id=73334,73334,https://eol.org/pages/4452025,uncertain; not linked from NCBI
faunal_species,443,Forest cat,Wildcat,Felis silvestris,Felis silvestris,https://www.ncbi.nlm.nih.gov/Taxonomy/Browser/wwwtax.cgi?id=9683,9683,https://eol.org/pages/328605,
faunal_species,444,Limpet,Limpet family,Patellidae,Patellidae,https://www.ncbi.nlm.nih.gov/Taxonomy/Browser/wwwtax.cgi?id=6462,6462,https://eol.org/pages/2385,
faunal_species,445,Saiga,Saiga,Saiga tatarica,Saiga tatarica,https://www.ncbi.nlm.nih.gov/Taxonomy/Browser/wwwtax.cgi?id=34875,34875,https://eol.org/pages/1038782,
faunal_species,446,Chicken,Domestic chicken,Gallus gallus,Gallus gallus,https://www.ncbi.nlm.nih.gov/Taxonomy/Browser/wwwtax.cgi?id=9031,9031,https://eol.org/pages/45513816,Not linked from NCBI
faunal_species,447,type of mollusc,Unidentified mollusc,Mollusca,Mollusca,https://www.ncbi.nlm.nih.gov/Taxonomy/Browser/wwwtax.cgi?id=6447,6447,https://eol.org/pages/2195,
faunal_species,448,periwinkle,Periwinkle family,Littorinidae,Littorinidae,https://www.ncbi.nlm.nih.gov/Taxonomy/Browser/wwwtax.cgi?id=31212,31212,https://eol.org/pages/2501,
faunal_species,449,beluga sturgeon,Beluga sturgeon,Huso huso,Huso huso,https://www.ncbi.nlm.nih.gov/Taxonomy/Browser/wwwtax.cgi?id=61971,61971,https://eol.org/pages/46561184,Not linked from NCBI
faunal_species,450,carp-like fish,Carp,Cyprinus carpio,Cyprinus carpio,https://www.ncbi.nlm.nih.gov/Taxonomy/Browser/wwwtax.cgi?id=7962,7962,https://eol.org/pages/46581741,Not linked from NCBI
faunal_species,451,Serpenta,Snake,Serpentes,Serpentes,https://www.ncbi.nlm.nih.gov/Taxonomy/Browser/wwwtax.cgi?id=8570,8570,https://eol.org/pages/46559499,Not linked from NCBI
faunal_species,452,porpoise,Harbor porpoise,Phocoena phocoena,Phocoena phocoena,https://www.ncbi.nlm.nih.gov/Taxonomy/Browser/wwwtax.cgi?id=9742,9742,https://eol.org/pages/46559342,also noted as herring hog in reports; dead link in NCBI
faunal_species,453,turtle,Turtle family,Testudines,Testudines,https://www.ncbi.nlm.nih.gov/Taxonomy/Browser/wwwtax.cgi?id=8459,8459,https://eol.org/pages/52570439,
faunal_species,454,marten,Marten family,Martes,Martes,https://www.ncbi.nlm.nih.gov/Taxonomy/Browser/wwwtax.cgi?id=9658,9658,https://eol.org/pages/34549,uncertain
faunal_species,455,roker,Thornback skate,Raja clavata,Raja clavata,https://www.ncbi.nlm.nih.gov/Taxonomy/Browser/wwwtax.cgi?id=7781,7781,https://eol.org/pages/46560547,Not linked from NCBI
faunal_species,456,Corsac Fox,Corsac fox,Vulpes corsac,Vulpes corsac,https://www.ncbi.nlm.nih.gov/Taxonomy/Browser/wwwtax.cgi?id=9629,9629,https://eol.org/pages/327997,
faunal_species,457,ass,Donkey,Equus asinus,Equus asinus,https://www.ncbi.nlm.nih.gov/Taxonomy/Browser/wwwtax.cgi?id=9793,9793,https://eol.org/pages/328647,possibly both terms used for equus asinus
faunal_species,458,Donkey,Donkey,Equus asinus,Equus asinus,https://www.ncbi.nlm.nih.gov/Taxonomy/Browser/wwwtax.cgi?id=9793,9793,https://eol.org/pages/328647,possibly both terms used for equus asinus
faunal_species,,Weasel family,Weasel family,Mustelidae,Mustelidae,https://www.ncbi.nlm.nih.gov/Taxonomy/Browser/wwwtax.cgi?id=9655,9655,https://eol.org/pages/7670,Only mentioned in report; not in db import; uncertain
faunal_species,,European beaver,European beaver,Castor fiber,Castor fiber,https://www.ncbi.nlm.nih.gov/Taxonomy/Browser/wwwtax.cgi?id=10185,10185,https://eol.org/pages/1036116,Only mentioned in report; not in db import
faunal_species,,European polecat,European polecat,Mustela putorius,Mustela putorius,https://www.ncbi.nlm.nih.gov/Taxonomy/Browser/wwwtax.cgi?id=9668,9668,https://eol.org/pages/311518,Only mentioned in report; not in db import; uncertain; EOL has Putorius putorius
bird_species,,Accipiter gentilis,Northern goshawk,Accipiter gentilis,Accipiter gentilis,https://www.ncbi.nlm.nih.gov/Taxonomy/Browser/wwwtax.cgi?id=8957,8957,https://eol.org/pages/45511395,Dead link in NCBI
bird_species,,Anas clypeata,Northern shoveler,Anas clypeata,Anas clypeata,https://www.ncbi.nlm.nih.gov/Taxonomy/Browser/wwwtax.cgi?id=75838,75838,https://eol.org/pages/45510567,Dead link in NCBI; Spatula clypeata in EOL
bird_species,,Anas platyrhynchos,Mallard,Anas platyrhynchos,Anas platyrhynchos,https://www.ncbi.nlm.nih.gov/Taxonomy/Browser/wwwtax.cgi?id=8839,8839,https://eol.org/pages/45510559,Dead link in NCBI
bird_species,,Anas sp.,Duck family,Anas sp.,Anas sp.,https://www.ncbi.nlm.nih.gov/Taxonomy/Browser/wwwtax.cgi?id=42806,42806,https://eol.org/pages/45510553,
bird_species,,Anas strepera,Gadwall,Anas strepera,Anas strepera,https://www.ncbi.nlm.nih.gov/Taxonomy/Browser/wwwtax.cgi?id=75861,75861,https://eol.org/pages/52231958,Dead link in NCBI; primary name Mareca strepera in NCBI; under Mareca strepera in EOL as gadwall
bird_species,,Aquila chrysaetos,Golden eagle,Aquila chrysaetos,Aquila chrysaetos,https://www.ncbi.nlm.nih.gov/Taxonomy/Browser/wwwtax.cgi?id=8962,8962,https://eol.org/pages/45511389,Dead link in NCBI
bird_species,,Aythya ferina,Common pochard,Aythya ferina,Aythya ferina,https://www.ncbi.nlm.nih.gov/Taxonomy/Browser/wwwtax.cgi?id=219593,219593,https://eol.org/pages/45510577,Dead link in NCBI
bird_species,,Bucephala clangula,Common goldeneye,Bucephala clangula,Bucephala clangula,https://www.ncbi.nlm.nih.gov/Taxonomy/Browser/wwwtax.cgi?id=107022,107022,https://eol.org/pages/45510601,Dead link in NCBI
bird_species,,Calidris sp.,Stint and sandpiper family,Calidris,Calidris,https://www.ncbi.nlm.nih.gov/Taxonomy/Browser/wwwtax.cgi?id=8918,8918,https://eol.org/pages/45509221,Not linked from NCBI
bird_species,,Clangula hyemalis,Long-tailed duck,Clangula hyemalis,Clangula hyemalis,https://www.ncbi.nlm.nih.gov/Taxonomy/Browser/wwwtax.cgi?id=197941,197941,https://eol.org/pages/45510598,Dead link in NCBI
bird_species,,Columba livia,Rock pigeon,Columba livia,Columba livia,https://www.ncbi.nlm.nih.gov/Taxonomy/Browser/wwwtax.cgi?id=8932,8932,https://eol.org/pages/45509376,Dead link in NCBI; common name Carrier pigeon in EOL
bird_species,,Columba palumbus,Common wood pigeon,Columba palumbus,Columba palumbus,https://www.ncbi.nlm.nih.gov/Taxonomy/Browser/wwwtax.cgi?id=8934,8934,https://eol.org/pages/45513599,Dead link in NCBI
bird_species,,Corvus corax,Common raven,Corvus corax,Corvus corax,https://www.ncbi.nlm.nih.gov/Taxonomy/Browser/wwwtax.cgi?id=56781,56781,https://eol.org/pages/45510016,Dead link in NCBI
bird_species,,Corvus cornix,Hooded raven,Corvus cornix,Corvus cornix,https://www.ncbi.nlm.nih.gov/Taxonomy/Browser/wwwtax.cgi?id=181096,181096,https://eol.org/pages/45510015,Dead link in NCBI
bird_species,,Corvus monedula,European jackdaw,Corvus monedula,Corvus monedula,https://www.ncbi.nlm.nih.gov/Taxonomy/Browser/wwwtax.cgi?id=30423,30423,https://eol.org/pages/45510000,Dead link in NCBI; primary name Coloeus monedula in EOL
bird_species,,Coturnix coturnix,Common quail,Coturnix coturnix,Coturnix coturnix,https://www.ncbi.nlm.nih.gov/Taxonomy/Browser/wwwtax.cgi?id=9091,9091,https://eol.org/pages/45513806,Dead link in NCBI
bird_species,,Gallus gallus f. Domestica,Domestic chicken,Gallus gallus,Gallus gallus,https://www.ncbi.nlm.nih.gov/Taxonomy/Browser/wwwtax.cgi?id=9031,9031,https://eol.org/pages/45513816,Not linked from NCBI
bird_species,,Garrulus glandarius,Eurasian jay,Garrulus glandarius,Garrulus glandarius,https://www.ncbi.nlm.nih.gov/Taxonomy/Browser/wwwtax.cgi?id=56783,56783,https://eol.org/pages/45515235,Dead link in NCBI
bird_species,,Gavia arctica,Black-throated loon,Gavia arctica,Gavia arctica,https://www.ncbi.nlm.nih.gov/Taxonomy/Browser/wwwtax.cgi?id=57069,57069,https://eol.org/pages/45508996,Dead link in NCBI
bird_species,,Melanitta nigra,Common scoter,Melanitta nigra,Melanitta nigra,https://www.ncbi.nlm.nih.gov/Taxonomy/Browser/wwwtax.cgi?id=198027,198027,https://eol.org/pages/45510595,Dead link in NCBI
bird_species,,Netta rufina,Red-crested pochard,Netta rufina,Netta rufina,https://www.ncbi.nlm.nih.gov/Taxonomy/Browser/wwwtax.cgi?id=30387,30387,https://eol.org/pages/45513548,Dead link in NCBI
bird_species,,Otis tarda,Great bustard,Otis tarda,Otis tarda,https://www.ncbi.nlm.nih.gov/Taxonomy/Browser/wwwtax.cgi?id=73107,73107,https://eol.org/pages/45513576,Dead link in NCBI
bird_species,,Phalacrocorax aristotelis,European shag,Phalacrocorax aristotelis,Phalacrocorax aristotelis,https://www.ncbi.nlm.nih.gov/Taxonomy/Browser/wwwtax.cgi?id=126867,126867,https://eol.org/pages/45513571,Dead link in NCBI; primary name Gulosus aristotelis in NCBI
bird_species,,Phalacrocorax carbo,Great cormorant,Phalacrocorax carbo,Phalacrocorax carbo,https://www.ncbi.nlm.nih.gov/Taxonomy/Browser/wwwtax.cgi?id=9209,9209,https://eol.org/pages/45511373,Dead link in NCBI
bird_species,,Podiceps cristatus,Great crested grebe,Podiceps cristatus,Podiceps cristatus,https://www.ncbi.nlm.nih.gov/Taxonomy/Browser/wwwtax.cgi?id=345573,345573,https://eol.org/pages/45513833,Dead link in NCBI
bird_species,,Podiceps nigricollis,Black-necked grebe,Podiceps nigricollis,Podiceps nigricollis,https://www.ncbi.nlm.nih.gov/Taxonomy/Browser/wwwtax.cgi?id=85099,85099,https://eol.org/pages/45509033,Dead link in NCBI
bird_species,,Puffinus puffinus,Manx shearwater,Puffinus puffinus,Puffinus puffinus,https://www.ncbi.nlm.nih.gov/Taxonomy/Browser/wwwtax.cgi?id=48688,48688,https://eol.org/pages/45511311,Not linked from NCBI
bird_species,,Rufibrenta ruficollis,Red-breasted goose,Branta ruficollis,Branta ruficollis,https://www.ncbi.nlm.nih.gov/Taxonomy/Browser/wwwtax.cgi?id=184715,184715,https://eol.org/pages/45513542,Dead link in NCBI; primary name Branta ruficollis in NCBI and EOL
bird_species,,Turdus merula,Common blackbird,Turdus merula,Turdus merula,https://www.ncbi.nlm.nih.gov/Taxonomy/Browser/wwwtax.cgi?id=9187,9187,https://eol.org/pages/45510215,Dead link in NCBI
bird_species,,Aegithalos caudatus,Long-tailed tit,Aegithalos caudatus,Aegithalos caudata,https://www.ncbi.nlm.nih.gov/Taxonomy/Browser/wwwtax.cgi?id=73327,73327,https://eol.org/pages/45515414,Dead link in NCBI
bird_species,,Gavia stellata,Red-throated loon,Gavia stellata,Gavia stellata,https://www.ncbi.nlm.nih.gov/Taxonomy/Browser/wwwtax.cgi?id=37040,37040,https://eol.org/pages/45508995,Dead link in NCBI
bird_species,,Larus cachinnans,Caspian gull,Larus cachinnans,Larus cachinnans,https://www.ncbi.nlm.nih.gov/Taxonomy/Browser/wwwtax.cgi?id=119609,119609,https://eol.org/pages/45513594,Dead link in NCBI
bird_species,,Podiceps auritus,Horned grebe,Podiceps auritus,Podiceps auritus,https://www.ncbi.nlm.nih.gov/Taxonomy/Browser/wwwtax.cgi?id=37050,37050,https://eol.org/pages/45509032,Dead link in NCBI
bird_species,,Podiceps grisegena,Red-necked grebe,Podiceps grisegena,Podiceps grisegena,https://www.ncbi.nlm.nih.gov/Taxonomy/Browser/wwwtax.cgi?id=80367,80367,https://eol.org/pages/45509031,Dead link in NCBI
bird_species,,Streptopelia sp.,Turtle dove,Streptopelia sp.,Streptopelia sp.,https://www.ncbi.nlm.nih.gov/Taxonomy/Browser/wwwtax.cgi?id=36242,36242,https://eol.org/pages/45509389,Dead link in NCBI; this seems to be the page for the Streptopelia family
bird_species,,Tadorna tadorna,Shelduck,Tadorna tadorna,Tadorna tadorna,https://www.ncbi.nlm.nih.gov/Taxonomy/Browser/wwwtax.cgi?id=75865,75865,https://eol.org/pages/45511262,Not linked from NCBI
fish_species,,Raja clavata,Thornback skate,Raja clavata,Raja clavata,https://www.ncbi.nlm.nih.gov/Taxonomy/Browser/wwwtax.cgi?id=7781,7781,https://eol.org/pages/46560547,Not linked from NCBI
fish_species,,Acipenseridae,Sturgeon family,Acipenseridae,Acipenseridae,https://www.ncbi.nlm.nih.gov/Taxonomy/Browser/wwwtax.cgi?id=7900,7900,https://eol.org/pages/8302,
fish_species,,Alosa sp.,Herring family including shad,Alosa,Alosa,https://www.ncbi.nlm.nih.gov/Taxonomy/Browser/wwwtax.cgi?id=34772,34772,https://eol.org/pages/46562368,Dead link in NCBI
fish_species,,Esox lucius,Northern pike,Esox lucius,Esox lucius,https://www.ncbi.nlm.nih.gov/Taxonomy/Browser/wwwtax.cgi?id=8010,8010,https://eol.org/pages/46582152,Incorrectly linked from NCBI
fish_species,,Cyprinidae,Carp family,Cyprinidae,Cyprinidae,https://www.ncbi.nlm.nih.gov/Taxonomy/Browser/wwwtax.cgi?id=7953,7953,https://eol.org/pages/3198,
fish_species,,Silurus glanis,European catfish,Silurus glanis,Silurus glanis,https://www.ncbi.nlm.nih.gov/Taxonomy/Browser/wwwtax.cgi?id=94993,94993,https://eol.org/pages/46581838,Dead link in NCBI
fish_species,,Sander lucioperca,Pike-perch,Sander lucioperca,Sander lucioperca,https://www.ncbi.nlm.nih.gov/Taxonomy/Browser/wwwtax.cgi?id=283035,283035,https://eol.org/pages/46580134,Not linked from NCBI
fish_species,,Liza sp.,Mullet family,Liza,Liza,https://www.ncbi.nlm.nih.gov/Taxonomy/Browser/wwwtax.cgi?id=30803,30803,https://eol.org/pages/46571485,Not linked from NCBI
fish_species,,Scophthalmus rhombus,Brill or turbot,Scophthalmus rhombus,Scophthalmus rhombus,https://www.ncbi.nlm.nih.gov/Taxonomy/Browser/wwwtax.cgi?id=65125,65125,https://eol.org/pages/46570246,Dead link in NCBI
fish_species,,Labridae,Wrasses and parrotfishes,Labridae,Labridae,https://www.ncbi.nlm.nih.gov/Taxonomy/Browser/wwwtax.cgi?id=8247,8247,https://eol.org/pages/5305,
fish_species,,Scorpaena sp.,Scorpionfish family,Scorpaena,Scorpaena,https://www.ncbi.nlm.nih.gov/Taxonomy/Browser/wwwtax.cgi?id=72113,72113,https://eol.org/pages/46567865,Incorrectly linked from NCBI
fish_species,,Sarda sarda,Atlantic bonito,Sarda sarda,Sarda sarda,https://www.ncbi.nlm.nih.gov/Taxonomy/Browser/wwwtax.cgi?id=8232,8232,https://eol.org/pages/46577302,Dead link in NCBI
fish_species,,Gobius cobitis,Giant goby,Gobius cobitis,Gobius cobitis,https://www.ncbi.nlm.nih.gov/Taxonomy/Browser/wwwtax.cgi?id=77594,77594,https://eol.org/pages/46575227,Not linked from NCBI